x0,z0,x1,z1,visits
0.0,0.0,10.0,10.0,149
10.0,0.0,20.0,10.0,38
20.0,0.0,30.0,10.0,40
30.0,0.0,40.0,10.0,28
40.0,0.0,50.0,10.0,29
50.0,0.0,60.0,10.0,31
60.0,0.0,70.0,10.0,29
70.0,0.0,80.0,10.0,32
80.0,0.0,90.0,10.0,21
90.0,0.0,100.0,10.0,8
100.0,0.0,110.0,10.0,7
110.0,0.0,120.0,10.0,1
120.0,0.0,130.0,10.0,6
130.0,0.0,140.0,10.0,14
140.0,0.0,150.0,10.0,21
150.0,0.0,160.0,10.0,38
0.0,10.0,10.0,20.0,20
10.0,10.0,20.0,20.0,34
20.0,10.0,30.0,20.0,9
30.0,10.0,40.0,20.0,18
40.0,10.0,50.0,20.0,27
50.0,10.0,60.0,20.0,23
60.0,10.0,70.0,20.0,5
70.0,10.0,80.0,20.0,3
80.0,10.0,90.0,20.0,14
90.0,10.0,100.0,20.0,22
100.0,10.0,110.0,20.0,20
110.0,10.0,120.0,20.0,17
120.0,10.0,130.0,20.0,6
130.0,10.0,140.0,20.0,0
140.0,10.0,150.0,20.0,5
150.0,10.0,160.0,20.0,9
0.0,20.0,10.0,30.0,0
10.0,20.0,20.0,30.0,0
20.0,20.0,30.0,30.0,19
30.0,20.0,40.0,30.0,2
40.0,20.0,50.0,30.0,0
50.0,20.0,60.0,30.0,22
60.0,20.0,70.0,30.0,6
70.0,20.0,80.0,30.0,0
80.0,20.0,90.0,30.0,0
90.0,20.0,100.0,30.0,0
100.0,20.0,110.0,30.0,12
110.0,20.0,120.0,30.0,16
120.0,20.0,130.0,30.0,0
130.0,20.0,140.0,30.0,0
140.0,20.0,150.0,30.0,1
150.0,20.0,160.0,30.0,13
0.0,30.0,10.0,40.0,0
10.0,30.0,20.0,40.0,3
20.0,30.0,30.0,40.0,3
30.0,30.0,40.0,40.0,12
40.0,30.0,50.0,40.0,6
50.0,30.0,60.0,40.0,0
60.0,30.0,70.0,40.0,6
70.0,30.0,80.0,40.0,6
80.0,30.0,90.0,40.0,0
90.0,30.0,100.0,40.0,3
100.0,30.0,110.0,40.0,3
110.0,30.0,120.0,40.0,12
120.0,30.0,130.0,40.0,0
130.0,30.0,140.0,40.0,0
140.0,30.0,150.0,40.0,1
150.0,30.0,160.0,40.0,11
0.0,40.0,10.0,50.0,0
10.0,40.0,20.0,50.0,7
20.0,40.0,30.0,50.0,0
30.0,40.0,40.0,50.0,3
40.0,40.0,50.0,50.0,15
50.0,40.0,60.0,50.0,0
60.0,40.0,70.0,50.0,0
70.0,40.0,80.0,50.0,8
80.0,40.0,90.0,50.0,10
90.0,40.0,100.0,50.0,3
100.0,40.0,110.0,50.0,0
110.0,40.0,120.0,50.0,12
120.0,40.0,130.0,50.0,2
130.0,40.0,140.0,50.0,0
140.0,40.0,150.0,50.0,3
150.0,40.0,160.0,50.0,11
0.0,50.0,10.0,60.0,0
10.0,50.0,20.0,60.0,7
20.0,50.0,30.0,60.0,2
30.0,50.0,40.0,60.0,3
40.0,50.0,50.0,60.0,0
50.0,50.0,60.0,60.0,14
60.0,50.0,70.0,60.0,0
70.0,50.0,80.0,60.0,4
80.0,50.0,90.0,60.0,11
90.0,50.0,100.0,60.0,6
100.0,50.0,110.0,60.0,0
110.0,50.0,120.0,60.0,0
120.0,50.0,130.0,60.0,14
130.0,50.0,140.0,60.0,3
140.0,50.0,150.0,60.0,4
150.0,50.0,160.0,60.0,7
0.0,60.0,10.0,70.0,0
10.0,60.0,20.0,70.0,6
20.0,60.0,30.0,70.0,6
30.0,60.0,40.0,70.0,0
40.0,60.0,50.0,70.0,0
50.0,60.0,60.0,70.0,0
60.0,60.0,70.0,70.0,15
70.0,60.0,80.0,70.0,3
80.0,60.0,90.0,70.0,0
90.0,60.0,100.0,70.0,6
100.0,60.0,110.0,70.0,7
110.0,60.0,120.0,70.0,4
120.0,60.0,130.0,70.0,4
130.0,60.0,140.0,70.0,14
140.0,60.0,150.0,70.0,0
150.0,60.0,160.0,70.0,6
0.0,70.0,10.0,80.0,0
10.0,70.0,20.0,80.0,7
20.0,70.0,30.0,80.0,52
30.0,70.0,40.0,80.0,0
40.0,70.0,50.0,80.0,0
50.0,70.0,60.0,80.0,0
60.0,70.0,70.0,80.0,44
70.0,70.0,80.0,80.0,14
80.0,70.0,90.0,80.0,2
90.0,70.0,100.0,80.0,0
100.0,70.0,110.0,80.0,7
110.0,70.0,120.0,80.0,7
120.0,70.0,130.0,80.0,8
130.0,70.0,140.0,80.0,4
140.0,70.0,150.0,80.0,12
150.0,70.0,160.0,80.0,7
0.0,80.0,10.0,90.0,0
10.0,80.0,20.0,90.0,3
20.0,80.0,30.0,90.0,7
30.0,80.0,40.0,90.0,6
40.0,80.0,50.0,90.0,4
50.0,80.0,60.0,90.0,0
60.0,80.0,70.0,90.0,0
70.0,80.0,80.0,90.0,0
80.0,80.0,90.0,90.0,12
90.0,80.0,100.0,90.0,3
100.0,80.0,110.0,90.0,16
110.0,80.0,120.0,90.0,15
120.0,80.0,130.0,90.0,7
130.0,80.0,140.0,90.0,8
140.0,80.0,150.0,90.0,10
150.0,80.0,160.0,90.0,97
0.0,90.0,10.0,100.0,116
10.0,90.0,20.0,100.0,14
20.0,90.0,30.0,100.0,14
30.0,90.0,40.0,100.0,12
40.0,90.0,50.0,100.0,14
50.0,90.0,60.0,100.0,14
60.0,90.0,70.0,100.0,12
70.0,90.0,80.0,100.0,14
80.0,90.0,90.0,100.0,14
90.0,90.0,100.0,100.0,21
100.0,90.0,110.0,100.0,42
110.0,90.0,120.0,100.0,51
120.0,90.0,130.0,100.0,46
130.0,90.0,140.0,100.0,41
140.0,90.0,150.0,100.0,43
150.0,90.0,160.0,100.0,283
zone,visits,share
Z8,50,0.023
Z10,100,0.045
Z9,97,0.044
Z2,27,0.012
Z1,361,0.164
Z4,112,0.051
Z5,82,0.037
Z3,24,0.011
Z6,262,0.119
Z7,58,0.026
